date,numDate,location,areaCode,population,Cases_14,Tests_14,new_cases,new_tests,PositivePct_14,TestsPer1000_14,Cases_14_pop,Cases_pop,TestsPer1000,PositivePct
2020-03-31,91,England,E92000001,56287000,1389.35714285714,10412,2414,10412,13.3438065967839,0.184980546129657,2.46834463172161,4.28873452129266,0.184980546129657,13.3438065967839
2020-04-01,92,England,E92000001,56287000,1604,10363,3630,10314,15.4781433947699,0.184110007639419,2.84968109865511,6.44909126441274,0.183239469149182,15.551677331782
2020-04-02,93,England,E92000001,56287000,1818.92857142857,10830,3583,11764,16.7952776678538,0.192406772434132,3.23152516820682,6.36559063371649,0.209000302023558,15.4618205663768
2020-04-03,94,England,E92000001,56287000,2029.5,10868.5,3576,10984,18.6732299765377,0.193090766962176,3.60562829783076,6.35315436957024,0.195142750546307,18.4768754552076
2020-04-04,95,England,E92000001,56287000,2175,10911.8,2910,11085,19.932550083396,0.19386003873008,3.8641249311564,5.16993266651269,0.196937125801695,19.6211096075778
2020-04-05,96,England,E92000001,56287000,2501.57142857143,10717.6666666667,5107,9747,23.3406347330398,0.190411048140186,4.44431472377535,9.07314299927159,0.173166095190719,25.6650397924636
2020-04-06,97,England,E92000001,56287000,2671.78571428571,10767.2857142857,3176,11065,24.8139204733916,0.191292584687152,4.74671898357652,5.64251070407021,0.196581803968945,24.1462784842812
2020-04-07,98,England,E92000001,56287000,2794.64285714286,10786,2978,10917,25.909909671267,0.191625064402082,4.96498810940867,5.2907420896477,0.193952422406595,25.5990002486293
2020-04-08,99,England,E92000001,56287000,3055.92857142857,11090.7777777778,4788,13529,27.5537805612843,0.197039774331156,5.42919070376565,8.50640467603532,0.240357453763747,22.5879855970772
2020-04-09,100,England,E92000001,56287000,3198,11436,3798,14543,27.9643231899266,0.203173023966458,5.68159610567271,6.74756160392275,0.258372270684172,21.989960805886
2020-04-10,101,England,E92000001,56287000,3323.5,11614.5454545455,4263,13400,28.6149812147777,0.206345078873371,5.90456055572335,7.57368486506653,0.238065627942509,24.8022388059702
2020-04-11,102,England,E92000001,56287000,3445.07142857143,11691.6666666667,3841,12540,29.4660421545667,0.207715221395112,6.12054546977353,6.82395579796401,0.222786789134258,27.4726589200273
2020-04-12,103,England,E92000001,56287000,3560.21428571429,11590.3076923077,3672,10374,30.7171680013046,0.205914468568367,6.3251093249139,6.52370884929024,0.184305434647432,34.3186262359195
2020-04-13,104,England,E92000001,56287000,3623.92857142857,11479.0714285714,2999,10033,31.5698756121389,0.203938234913416,6.43830470877569,5.32805088208645,0.178247197399044,36.1200894192024
2020-04-14,105,England,E92000001,56287000,3726.78571428571,11566.5714285714,3854,11637,32.2203146999975,0.205492767931697,6.62104165133284,6.84705171709276,0.206744008385595,32.0253133478192
2020-04-15,106,England,E92000001,56287000,3695.21428571429,11808.7142857143,3188,13704,31.292266002105,0.209794700121063,6.56495156202016,5.66383001403521,0.243466519800309,26.9644942039863
2020-04-16,107,England,E92000001,56287000,3662,12076.7857142857,3118,15517,30.3226378825965,0.214557281686459,6.50594275765274,5.53946737257271,0.275676443939098,23.5999226654637
2020-04-17,108,England,E92000001,56287000,3691.21428571429,12336.3571428571,3985,14618,29.9214285300708,0.219168851472936,6.55784512536516,7.07978751754402,0.259704727556985,25.2511580634443
2020-04-18,109,England,E92000001,56287000,3736.78571428571,12533.7857142857,3548,13849,29.8137035327372,0.222676385564797,6.63880774297034,6.30340931298524,0.246042603087747,26.9823504533592
2020-04-19,110,England,E92000001,56287000,3629.64285714286,12643.5714285714,3607,11284,28.7074176600192,0.224626848625285,6.44845676113997,6.40822925364649,0.200472578037558,32.1662784220388
2020-04-20,111,England,E92000001,56287000,3574.28571428571,12749.0714285714,2401,12542,28.0356552578059,0.226501171293042,6.35010875386095,4.26563860216391,0.222822321317533,28.4985306512974
2020-04-21,112,England,E92000001,56287000,3582.07142857143,13143.8571428571,3087,16444,27.2528177203908,0.233514970470218,6.36394092520729,5.48439248849646,0.292145610887061,21.7834555374083
2020-04-22,113,England,E92000001,56287000,3455.78571428571,13337,3020,16233,25.9112672586467,0.236946364169346,6.13958056795657,5.3653596745252,0.288396965551548,21.2886448240357
2020-04-23,114,England,E92000001,56287000,3404.78571428571,13508.7142857143,3084,16947,25.2043654360677,0.239997055904814,6.04897350060532,5.47906266100521,0.301081954980724,20.0907872442657
2020-04-24,115,England,E92000001,56287000,3314.85714285714,13800.7857142857,3004,17489,24.0193363731879,0.24518602366951,5.88920557652236,5.3369339279052,0.310711176648249,18.9539547307287
2020-04-25,116,England,E92000001,56287000,3242.35714285714,13964.7142857143,2826,14835,23.2182132517672,0.248098393691515,5.76040141215048,5.02069749675769,0.263559969442322,21.856131734797
2020-04-26,117,England,E92000001,56287000,3133.78571428571,14273.6428571429,2152,14699,21.955052018956,0.253586847000957,5.56751241722905,3.82326292039014,0.261143780979622,21.3197204863305
2020-04-27,118,England,E92000001,56287000,3081.28571428571,14492.5,2264,13097,21.2612435003327,0.257475083056478,5.47424043613217,4.02224314673015,0.232682502176346,23.5266527776263
2020-04-28,119,England,E92000001,56287000,2948.07142857143,15056,1989,19526,19.5807082131471,0.26748627569421,5.23757071538975,3.53367562669888,0.346900705313838,15.0981841061735
2020-04-29,120,England,E92000001,56287000,2820.57142857143,16025.9285714286,1403,27283,17.6000499191043,0.28471811557604,5.01105304701162,2.49258265674134,0.484712278145931,10.3382011823166
2020-04-30,121,England,E92000001,56287000,2775.28571428571,17403.7857142857,2484,34807,15.9464484328122,0.309197251839425,4.93059803202465,4.41309716275517,0.618384351626486,7.97335511329823
2020-05-01,122,England,E92000001,56287000,2669.28571428571,18745.9285714286,2501,33408,14.239282434662,0.333041884830042,4.74227746066714,4.44329951853892,0.593529589425622,7.9899596332786
2020-05-02,123,England,E92000001,56287000,2575,19447,2228,23664,13.2411168817813,0.345497184074475,4.57476859665642,3.95828521683515,0.420416792509816,10.881507775524
2020-05-03,124,England,E92000001,56287000,2461.57142857143,20147.9285714286,2019,21097,12.2174913408326,0.357949945305818,4.37325035722534,3.58697390161138,0.374811235276352,11.6678742407519
2020-05-04,125,England,E92000001,56287000,2396.14285714286,20850.7142857143,1485,22381,11.4918981877976,0.370435700707344,4.25700935765427,2.63826460816885,0.397622896938902,10.7061474337289
2020-05-05,126,England,E92000001,56287000,2307.21428571429,21624,1842,27270,10.669692405264,0.384173965569314,4.09901804273506,3.27251407962762,0.484481318954643,8.46063177746346
2020-05-06,127,England,E92000001,56287000,2206.57142857143,22407.5714285714,1611,27203,9.84743677200946,0.398094967373842,3.92021502046908,2.86211736280136,0.483290990814931,8.11150030721402
2020-05-07,128,England,E92000001,56287000,2138.64285714286,23184.2142857143,2133,27820,9.22456474386821,0.411892875543452,3.79953249798862,3.78950734627889,0.494252669355269,7.68742939303687
2020-05-08,129,England,E92000001,56287000,2045.07142857143,23876,1694,27174,8.5653854438408,0.424183203936966,3.63329264052344,3.00957592339261,0.482775774157443,7.52583877445878
2020-05-09,130,England,E92000001,56287000,1939.57142857143,24440.5,1349,22738,7.93589095383249,0.434212162666335,3.44586037374781,2.39664576189884,0.40396539165349,8.53008808413857
2020-05-10,131,England,E92000001,56287000,1857.78571428571,24929.7142857143,1007,21548,7.45209388681321,0.44290358849671,3.30055912428396,1.78904542789632,0.382823742604864,8.6216155294492
2020-05-11,132,England,E92000001,56287000,1759.71428571429,25479.6428571429,891,20796,6.90635381186662,0.452673669890789,3.1263245255819,1.58295876490131,0.369463641693464,8.46179210287693
2020-05-12,133,England,E92000001,56287000,1693.85714285714,25942.5,1067,26006,6.52927490741888,0.460896832305861,3.00932212208351,1.89564197772132,0.462024979124842,6.51333208819943
2020-05-13,134,England,E92000001,56287000,1675.5,25787.5714285714,1146,25114,6.4973159827824,0.458144357108594,2.97670865386324,2.03599410165758,0.446177625384192,6.67157760611611
2020-05-14,135,England,E92000001,56287000,1583,25169.8571428571,1189,26159,6.28926891009087,0.447169988502801,2.81237230621636,2.11238829569883,0.46474319114538,6.05145456630605
2020-05-15,136,England,E92000001,56287000,1483.78571428571,24878.9285714286,1112,29335,5.96402578200141,0.442001324842834,2.63610729704144,1.97558939009007,0.521168298186082,5.05807299909908
2020-05-16,137,England,E92000001,56287000,1405.78571428571,25009.6428571429,1136,25494,5.62097476687563,0.444323606821164,2.49753178226893,2.01822801002008,0.452928740206442,5.51418260879311
2020-05-17,138,England,E92000001,56287000,1317.85714285714,24900.8571428571,788,19574,5.29241678427593,0.442390909852313,2.34131707651348,1.39996802103505,0.347753477712438,6.73269205505846
2020-05-18,139,England,E92000001,56287000,1270.07142857143,24952.7142857143,816,23107,5.0899129210106,0.443312208604372,2.25642053861714,1.44971307762005,0.410521079467728,5.49647911269931
2020-05-19,140,England,E92000001,56287000,1199.71428571429,25048.5,857,28611,4.78956538600829,0.445013946381935,2.13142339388187,1.52255405333381,0.508305647840532,4.19319242848655
2020-05-20,141,England,E92000001,56287000,1143.5,25306.6428571429,824,30817,4.51857643250078,0.449600136037502,2.0315525787482,1.46392595093005,0.547497645992858,3.71061427134374
2020-05-21,142,England,E92000001,56287000,1052.14285714286,25510.2857142857,854,30671,4.12438680196223,0.453218073698824,1.86924664157418,1.51722422584256,0.544903796613783,3.43041588843812
2020-05-22,143,England,E92000001,56287000,1008.5,25603.5714285714,1083,28480,3.93890361277724,0.454875396247294,1.79171034164194,1.92406772434132,0.505978289836019,3.54108146067416
2020-05-23,144,England,E92000001,56287000,982.071428571429,25804.2857142857,979,25548,3.80584620494934,0.458441304640249,1.74475709945712,1.73930037131132,0.453888109154867,3.84402469301483
2020-05-24,145,England,E92000001,56287000,951.857142857143,25687.3571428571,584,19911,3.70554719803795,0.456363940925207,1.69107812258096,1.03753975163004,0.353740650594276,4.7805592027379
2020-05-25,146,England,E92000001,56287000,923.5,25619.4285714286,494,19845,3.60468617567025,0.455157115700403,1.64069856272319,0.877644926892533,0.352568088546201,4.65356512975561
2020-05-26,147,England,E92000001,56287000,882.428571428572,25369.7857142857,492,22511,3.47826576608283,0.450721937823755,1.56773068635488,0.874091708565033,0.399932488851778,3.91998832316899
2020-05-27,148,England,E92000001,56287000,844.071428571429,25657.9285714286,609,29148,3.28970994763523,0.455841110228447,1.49958503485961,1.08195498072379,0.517846039049869,2.89581250367582
2020-05-28,149,England,E92000001,56287000,796.214285714286,25904.3571428571,519,29609,3.073669349613,0.460219182810545,1.41456159630871,0.922060155986285,0.526036207294757,2.68909549702552
2020-05-29,150,England,E92000001,56287000,756.785714285714,25961.7857142857,560,30139,2.91499869313414,0.461239464073156,1.34451243499514,0.994901131700037,0.535452235862633,2.51098481796249
2020-05-30,151,England,E92000001,56287000,726.714285714286,25913.8571428571,715,24823,2.80434626813012,0.460387960681101,1.29108725942808,1.2702755520813,0.441007692717679,2.92758444069728
2020-05-31,152,England,E92000001,56287000,693.285714285714,26039.4285714286,320,21332,2.66244596107003,0.462618874188153,1.23169775309701,0.568514932400021,0.378986266811164,3.24997990945863
2020-06-01,153,England,E92000001,56287000,656,26048.9285714286,294,23240,2.51833774353209,0.462787652058709,1.16545561142004,0.52232309414252,0.412883969655516,2.82271944922547
2020-06-02,154,England,E92000001,56287000,626.5,26207.2857142857,444,30828,2.39055660639626,0.465601039570162,1.11304564108942,0.78881446870503,0.547693073000871,2.0322434150772
2020-06-03,155,England,E92000001,56287000,600.642857142857,26252,462,31443,2.28798894233909,0.466395437667668,1.06710760414102,0.820793433652531,0.558619219357933,1.91025938092058
2020-06-04,156,England,E92000001,56287000,570.428571428572,26268.8571428571,431,30907,2.17150128887004,0.466694923212414,1.01342862726486,0.765718549576279,0.549096594240233,1.84562905305779
2020-06-05,157,England,E92000001,56287000,525.285714285714,26339.5,451,29469,1.99428886002283,0.467949970685949,0.933227413586999,0.80125073285128,0.523548954465507,1.78250267835934
2020-06-06,158,England,E92000001,56287000,485.5,26492.7857142857,422,27694,1.83257436660654,0.470673258732669,0.862543749000657,0.749729067102528,0.492014141808943,1.75308731133097
2020-06-07,159,England,E92000001,56287000,460.071428571429,26752,228,23540,1.71976461038961,0.475278483486418,0.817367115979584,0.405066889335015,0.418213797146766,1.9544240805923
2020-06-08,160,England,E92000001,56287000,431.357142857143,27122.7142857143,92,25035,1.59039076367199,0.481864627457749,0.766353052849047,0.163448043065006,0.444774104144829,1.72301634854061
2020-06-09,161,England,E92000001,56287000,442.714285714286,28028.1428571429,651,35187,1.57953485527302,0.49795055442896,0.786530256923065,1.15657256560129,0.625135466448736,1.25817570612523
2020-06-10,162,England,E92000001,56287000,403.714285714286,28395.4285714286,63,34290,1.42175802946148,0.504475786086105,0.717242499536813,0.111926377316254,0.609199282249898,1.17735283089614
2020-06-11,163,England,E92000001,56287000,388.357142857143,28504.0714285714,304,31130,1.36246200417484,0.506405945041865,0.689958858807794,0.54008918578002,0.553058432675396,1.24753338534257
2020-06-12,164,England,E92000001,56287000,376.357142857143,28553.9285714286,392,30837,1.31805731010244,0.507291711610649,0.668639548842793,0.696430792190026,0.547852967825608,1.22047262333282
2020-06-13,165,England,E92000001,56287000,351.857142857143,28964.9285714286,372,30577,1.21476958587849,0.514593575273661,0.625112624330916,0.660898608915025,0.543233783999858,1.15072486789791
2020-06-14,166,England,E92000001,56287000,349.857142857143,29129.2142857143,292,23632,1.201052453477,0.517512290328394,0.621559406003416,0.518769875815019,0.419848277577416,1.48043814682271
2020-06-15,167,England,E92000001,56287000,344.5,29479.8571428571,219,28149,1.16859453670545,0.523741843460429,0.612041856911898,0.389077406861265,0.500097713504006,1.22384454154677
2020-06-16,168,England,E92000001,56287000,330.785714285714,29799.2857142857,252,35300,1.11004578249718,0.529416840732065,0.587676931237611,0.447705509265017,0.627143034803774,0.937070012140834
2020-06-17,169,England,E92000001,56287000,315.785714285714,30060.2857142857,252,35097,1.05050802672724,0.534053790649452,0.56102779378136,0.447705509265017,0.623536518201361,0.89975130149504
2020-06-18,170,England,E92000001,56287000,305.071428571429,30267.3571428571,281,33806,1.00792225476291,0.53773264062496,0.541992695598324,0.499227175013769,0.600600493897348,0.902417998495618
2020-06-19,171,England,E92000001,56287000,295.928571428571,30628.8571428571,323,34530,0.966175688659621,0.544155082751917,0.525749411815466,0.573844759891272,0.613463144242898,0.857018741467047
2020-06-20,172,England,E92000001,56287000,288.928571428571,30665.2142857143,324,28203,0.942203008061717,0.544801007083595,0.513313147669216,0.575621369055022,0.501057082452431,1.02446041707822
2020-06-21,173,England,E92000001,56287000,288,30640,215,23187,0.939947780678851,0.54435304777302,0.511663439160019,0.381970970206264,0.411942366798728,1.24207530081511
2020-06-22,174,England,E92000001,56287000,294.142857142857,30987,178,29893,0.94924599716932,0.550517881571233,0.522576895451627,0.316236431147512,0.531081777319808,0.983985739614148
2020-06-23,175,England,E92000001,56287000,262.642857142857,31194.7142857143,210,38095,0.841946666788788,0.554208152605651,0.4666137067935,0.373087924387514,0.676799260930588,0.689441809011306
2020-06-24,176,England,E92000001,56287000,265.785714285714,31307.5714285714,107,35870,0.848950276747295,0.556213182947598,0.472197335593857,0.190097180521257,0.637269707037149,0.740969373531403
2020-06-25,177,England,E92000001,56287000,262.714285714286,31497,261,33782,0.834093042874832,0.559578588306359,0.466740607448053,0.463694991738767,0.600174107698047,0.777675346972606
2020-06-26,178,England,E92000001,56287000,247.214285714286,31881.5714285714,175,36221,0.775414368354311,0.566410919547523,0.439203165409927,0.310906603656262,0.643505605201912,0.682516456514966
2020-06-27,179,England,E92000001,56287000,234.357142857143,32075.3571428571,192,33290,0.730645466590952,0.569853734305562,0.416361047590283,0.341108959440013,0.591433190612397,0.703986611165944
2020-06-28,180,England,E92000001,56287000,223.642857142857,32085.7857142857,142,23778,0.697015367285469,0.57003900926121,0.397325949407247,0.252278501252509,0.422442126956491,0.940545281953306
2020-06-29,181,England,E92000001,56287000,215.071428571429,32358.9285714286,99,31973,0.664643231609735,0.574891690291338,0.382097870860818,0.175884307211257,0.568035247925809,0.672665776034243
2020-06-30,182,England,E92000001,56287000,211.071428571429,32701.2857142857,196,40093,0.645452996605638,0.580974038664091,0.374991434205818,0.348215396095013,0.712295912022314,0.526454564565956
2020-07-01,183,England,E92000001,56287000,205.714285714286,33201.6428571429,177,42102,0.619590682905106,0.589863429515569,0.365473885114299,0.314459821983762,0.747987990122053,0.488609295791853
2020-07-02,184,England,E92000001,56287000,223,33603.7857142857,523,39436,0.663615706563674,0.597007936366936,0.396183843516265,0.929166592641285,0.700623589816476,0.56547317172127
2020-07-03,185,England,E92000001,56287000,235.785714285714,33979,502,39783,0.693915990128357,0.603674027750635,0.418899060681355,0.891857800202534,0.706788423614689,0.592679572394526
2020-07-04,186,England,E92000001,56287000,254,34404.2142857143,579,34156,0.738281647389543,0.611228423716209,0.451258727592517,1.02865670581129,0.606818625970473,0.743646797048835
2020-07-05,187,England,E92000001,56287000,273.785714285714,34806.0714285714,492,28813,0.786603322490945,0.618367854541394,0.486410208903858,0.874091708565033,0.511894398351307,0.95021592435954
2020-07-06,188,England,E92000001,56287000,284.714285714286,35078.5714285714,331,33708,0.81164732233761,0.623209114512613,0.505826009050555,0.588057633201272,0.598859416916873,0.844649002356371
2020-07-07,189,England,E92000001,56287000,310.571428571429,35303.9285714286,572,41250,0.879707843117419,0.627212830163778,0.551764045998949,1.01622044166504,0.732851280046902,0.752900432900433
2020-07-08,190,England,E92000001,56287000,346.214285714286,35836.2857142857,606,43323,0.966099803072704,0.636670735947656,0.615087472621184,1.07662515323254,0.769680388011441,0.799146609686046
2020-07-09,191,England,E92000001,56287000,371.642857142857,36243.2142857143,617,39479,1.02541362422522,0.643900266237573,0.660264105642257,1.09616785403379,0.701387531756889,0.941368467141663
2020-07-10,192,England,E92000001,56287000,393.428571428571,36596.2857142857,480,41164,1.07505055157822,0.650172965592157,0.698968805281098,0.852772398600032,0.731323396166077,0.955758846148507
2020-07-11,193,England,E92000001,56287000,437.285714285714,37075.2142857143,806,39995,1.17945566252387,0.658681654479974,0.776885807176994,1.43194698598255,0.710554835041839,1.09335095458361
2020-07-12,194,England,E92000001,56287000,471.071428571429,37344.8571428572,615,27553,1.26140910586273,0.663472154189371,0.836909816780835,1.09261463570629,0.489509122888056,1.70969197028065
2020-07-13,195,England,E92000001,56287000,499.5,39646.6428571429,497,64198,1.25987968716501,0.704365890119261,0.887416277293158,0.882974754383783,1.14054755094427,0.778061621857379
2020-07-14,196,England,E92000001,56287000,512.071428571429,43952.6428571429,372,100377,1.16505264594848,0.780866680710339,0.909750792494588,0.660898608915025,1.7833069802974,0.510148169970639
2020-07-15,197,England,E92000001,56287000,535.571428571429,49275.4285714286,506,116621,1.08689349661379,0.875431779477119,0.951501107842714,0.898964236857534,2.07189937285697,0.459240984532313
2020-07-16,198,England,E92000001,56287000,540.857142857143,55697.3571428572,597,129343,0.97106428491734,0.989524350966602,0.960891756279679,1.06063567075879,2.29791959066925,0.418157258496512
2020-07-17,199,England,E92000001,56287000,550.357142857143,62698.5,635,137799,0.87778358789627,1.11390729653384,0.977769543335305,1.12814681898129,2.44814966155595,0.39939124584151
2020-07-18,200,England,E92000001,56287000,565.857142857143,67920.5,796,107264,0.833116868776206,1.20668182706486,1.00530698537343,1.41418089434505,1.90566205340487,0.527536864984658
2020-07-19,201,England,E92000001,56287000,578.714285714286,72064.7857142857,672,86833,0.80304725807235,1.28030958683685,1.02814910319307,1.19388135804004,1.5426830351591,0.666468146573636
2020-07-20,202,England,E92000001,56287000,593.285714285714,74733.7142857143,535,71073,0.793866222167849,1.32772601641079,1.054036836722,0.950485902606286,1.26268943095208,0.834755412443142
2020-07-21,203,England,E92000001,56287000,580.928571428571,79480.2142857143,399,107701,0.730909669342685,1.41205277036819,1.03208302348424,0.708867056336277,1.91342583545046,0.53939013697976
2020-07-22,204,England,E92000001,56287000,574.714285714286,84516.2857142857,519,113828,0.680004191922436,1.50152407686119,1.02104266653807,0.922060155986285,2.02227867891343,0.504897112937314
2020-07-23,205,England,E92000001,56287000,580.785714285714,89541.9285714286,702,109838,0.648618723710441,1.59081010839854,1.03182922217513,1.24717963295255,1.9513919732798,0.528765740714247
2020-07-24,206,England,E92000001,56287000,595.642857142857,95183.0714285714,688,120140,0.62578654817821,1.69103116933877,1.05822455832227,1.22230710466005,2.13441824932933,0.495790625222954
2020-07-25,207,England,E92000001,56287000,588.785714285714,100759.857142857,710,118070,0.584345523089553,1.79010885538148,1.04604209548513,1.26139250626255,2.0976424396397,0.498675120086148
2020-07-26,208,England,E92000001,56287000,596.357142857143,105082,721,88063,0.5675159807171,1.86689644145185,1.05949356486781,1.2809352070638,1.56453532787322,0.677193762257864
2020-07-27,209,England,E92000001,56287000,604.857142857143,105426.357142857,616,69019,0.573724786902706,1.87301432200787,1.07459474275968,1.09439124487004,1.22619787872866,0.876363237452213
2020-07-28,210,England,E92000001,56287000,617.357142857143,106522.571428571,547,115724,0.579555238460528,1.89248976546221,1.09680235730656,0.971805212571286,2.05596318865813,0.533473733069323
2020-07-29,211,England,E92000001,56287000,631.214285714286,107000.785714286,700,123316,0.589915561367707,1.90098576428457,1.12142108428995,1.24362641462505,2.19084335637003,0.511867304903083
2020-07-30,212,England,E92000001,56287000,646.571428571429,107163.071428571,812,131615,0.603352834098633,1.90386894715603,1.14870472501897,1.44260664096505,2.33828415086965,0.491259680561812
2020-07-31,213,England,E92000001,56287000,659.357142857143,106132.714285714,814,123374,0.621257213004204,1.88556352773668,1.17141994218406,1.44615985929255,2.19187378968501,0.53443767962224
2020-08-01,214,England,E92000001,56287000,654.071428571429,106752.357142857,722,115939,0.612699753033222,1.8965721595192,1.1620292937471,1.28271181622755,2.05978289836019,0.564151345596761
2020-08-02,215,England,E92000001,56287000,654.357142857143,108090.285714286,676,105564,0.605380158386111,1.92034192112363,1.16253689636531,1.20098779469505,1.87545969762112,0.619867703816777
2020-08-03,216,England,E92000001,56287000,677.285714285714,110922.928571429,856,110730,0.610591266394105,1.97066691369994,1.20327200647701,1.52077744417006,1.96723932702045,0.611655119918463
2020-08-04,217,England,E92000001,56287000,692.857142857143,111989.5,617,122633,0.618680450271805,1.98961571943788,1.23093634916969,1.09616785403379,2.17870911578162,0.564984256160367
2020-08-05,218,England,E92000001,56287000,713.214285714286,113073.071428571,804,128998,0.630755206967934,2.00886654873366,1.26710303571746,1.42839376765505,2.29179028905431,0.552887863156239
2020-08-06,219,England,E92000001,56287000,722.071428571429,115319.214285714,826,141284,0.626150145961304,2.04877172856458,1.2828387168821,1.46747916925756,2.51006449091264,0.511077990835076
2020-08-07,220,England,E92000001,56287000,729.785714285714,116451.142857143,796,135987,0.626688322999958,2.06888167529168,1.29654398757389,1.41418089434505,2.4159575035088,0.536658441090482
2020-08-08,221,England,E92000001,56287000,727.571428571429,117156.785714286,679,127949,0.621023719740641,2.08141819095503,1.29261006728273,1.2063176221863,2.27315365892657,0.568641746767406
2020-08-09,222,England,E92000001,56287000,746.642857142857,120028.5,988,128267,0.622054642974674,2.13243733011175,1.32649254204853,1.75528985378507,2.2788032760673,0.582100506866815
2020-08-10,223,England,E92000001,56287000,752.571428571429,123317.642857143,699,115067,0.610270688877214,2.19087254352058,1.33702529637648,1.2418498054613,2.04429086645229,0.654028894966783
2020-08-11,224,England,E92000001,56287000,787.428571428572,124047.214285714,1035,125938,0.634781341896893,2.20383417637668,1.39895281579862,1.83879048448132,2.23742604864356,0.625250973835198
2020-08-12,225,England,E92000001,56287000,803.5,125882.142857143,925,149005,0.638295457769456,2.23643368552495,1.42750546307318,1.64336347646881,2.64723648444579,0.539243649541962
2020-08-13,226,England,E92000001,56287000,821.142857142857,126080.357142857,1059,134390,0.651285319736563,2.23995517868881,1.45884992474791,1.88142910441132,2.38758505516371,0.611014850169549
2020-08-14,227,England,E92000001,56287000,854.714285714286,127317.5,1284,140694,0.671325061923369,2.26193437205749,1.51849323238809,2.28116616625509,2.49958249684652,0.607498746012115
2020-08-15,228,England,E92000001,56287000,869.857142857143,129831.071428571,934,151129,0.669991499943608,2.30659071239489,1.54539617115345,1.65935295894256,2.68497166308384,0.575572618661635
2020-08-16,229,England,E92000001,56287000,889.571428571429,132410.571428571,952,141677,0.671828101770036,2.35241834577383,1.58042075181024,1.69133192389006,2.51704656492618,0.627886974294648
2020-08-17,230,England,E92000001,56287000,873.714285714286,133054.785714286,634,119749,0.656657542247635,2.36386351580802,1.55224880649934,1.12637020981754,2.12747170749907,0.729621362779051
2020-08-18,231,England,E92000001,56287000,899.285714285714,133833.857142857,975,133540,0.671941863952854,2.37770457020017,1.59767924082952,1.73219393465632,2.37248387727184,0.673420483964141
2020-08-19,232,England,E92000001,56287000,892.357142857143,135325.142857143,707,149876,0.659417107580051,2.40419888885787,1.58536987733783,1.2560626787713,2.66271075026205,0.595396956722319
2020-08-20,233,England,E92000001,56287000,907.285714285714,135762,1035,147400,0.668291358617076,2.41196013289037,1.61189211413952,1.83879048448132,2.6187219073676,0.615526264779996
2020-08-21,234,England,E92000001,56287000,915.285714285714,137072.714285714,908,154337,0.667737353167089,2.43524640300095,1.62610498744953,1.61316112068506,2.74196528505694,0.593043608652309
2020-08-22,235,England,E92000001,56287000,942.5,137927.928571429,1060,139922,0.683327887079743,2.45044021837065,1.67445413683444,1.88320571357507,2.48586707410237,0.6735895713326
2020-08-23,236,England,E92000001,56287000,938.928571428571,138450.714285714,938,135586,0.678168094886783,2.45972807727742,1.66810910410676,1.66645939559756,2.40883330076217,0.69249669687768
2020-08-24,237,England,E92000001,56287000,943.142857142857,138155,758,110927,0.682670085876629,2.4544743901789,1.67559624272542,1.34666974612255,1.97073924707304,0.850237414824936
2020-08-25,238,England,E92000001,56287000,945.285714285714,138423.571428571,1065,129698,0.682893602968116,2.45924585479012,1.67940326236203,1.89208875939382,2.30422655320056,0.728835999233384
2020-08-26,239,England,E92000001,56287000,941.714285714286,138354.142857143,875,148033,0.680654923854828,2.45801238042786,1.67305822963435,1.55453301828131,2.62996784337414,0.636151591681778
2020-08-27,240,England,E92000001,56287000,962.5,139577.714285714,1350,151520,0.689579998444287,2.47975046255289,1.70998632010944,2.39842237106259,2.6919182049141,0.635229672650475
2020-08-28,241,England,E92000001,56287000,949.785714285714,139299.428571429,1106,136798,0.681830301836947,2.47480641305148,1.6873980035989,1.96492973510757,2.43036580382682,0.694297953395309
2020-08-29,242,England,E92000001,56287000,946.714285714286,137963,891,132419,0.686208828246911,2.4510633005845,1.6819412754531,1.58295876490131,2.3525680885462,0.714938404393845
2020-08-30,243,England,E92000001,56287000,984.928571428572,137213.142857143,1487,131179,0.717809206115199,2.43774126986947,1.74983312563926,2.64181782649635,2.3305381349157,0.75082793086437
2020-08-31,244,England,E92000001,56287000,1021.71428571429,137779.142857143,1149,127673,0.741559473028263,2.4477968777363,1.81518696273435,2.04132392914883,2.26825021763462,0.800258696603265
2020-09-01,245,England,E92000001,56287000,1026.42857142857,137117.928571429,1041,124283,0.74857356884142,2.43604968414427,1.82356240593489,1.84945013946382,2.2080231669835,0.82588010542759
2020-09-02,246,England,E92000001,56287000,1064.42857142857,136931.285714286,1239,147263,0.777345050019874,2.43273377004079,1.89107355415739,2.20121875388633,2.61628795281326,0.72280788210791
2020-09-03,247,England,E92000001,56287000,1098.14285714286,137109.357142857,1507,149893,0.800924809237256,2.43589740335881,1.95097066310668,2.67735000977135,2.66301277381989,0.732617838820263
2020-09-04,248,England,E92000001,56287000,1152.5,137536.071428571,1669,160311,0.837961989192446,2.44347844846184,2.04754206122195,2.96516069429886,2.84809991649937,0.718915108757353
2020-09-05,249,England,E92000001,56287000,1182.28571428571,137267.142857143,1477,136157,0.861302777691051,2.4387006388179,2.10045963417079,2.62405173485885,2.41897773908718,0.868325326120372
2020-09-06,250,England,E92000001,56287000,1299.28571428571,137929.142857143,2576,144854,0.94199506164656,2.45046179148192,2.30832290632955,4.57654520582017,2.57348943805852,0.896962261508632
2020-09-07,251,England,E92000001,56287000,1425.71428571429,140691.928571429,2528,149606,1.01335897530928,2.4995456956567,2.53293706488938,4.49126796596017,2.65791390551992,0.952979349567722
2020-09-08,252,England,E92000001,56287000,1499.21428571429,142745.071428571,2094,158442,1.05027393990586,2.53602201980158,2.66351783842501,3.72021958889264,2.81489509122888,0.946222772821781
2020-09-09,253,England,E92000001,56287000,1600,144478.785714286,2286,172305,1.10742901948531,2.56682334667482,2.84257466200011,4.06132854833265,3.06118641959955,0.928585937726706
2020-09-10,254,England,E92000001,56287000,1687.71428571429,147431.071428571,2578,192852,1.14474802995104,2.61927392521491,2.9984086657919,4.58009842414767,3.42622630447528,0.875134448029725
2020-09-11,255,England,E92000001,56287000,1833.21428571429,152053.357142857,3143,201510,1.20563881006057,2.70139387678962,3.25690529911753,5.58388260166646,3.58004512587276,0.909738616304047
2020-09-12,256,England,E92000001,56287000,1984.42857142857,155837.857142857,3008,185402,1.27339313297246,2.76862965059174,3.52555398480745,5.3440403645602,3.2938689217759,1.07033827651728
2020-09-13,257,England,E92000001,56287000,2080.85714285714,159703.071428571,2837,185292,1.30295374049072,2.83729940179031,3.69686986845478,5.04024019755894,3.29191465169577,1.12301510203201
2020-09-14,258,England,E92000001,56287000,2160.14285714286,163322.428571429,2259,178344,1.32262474666676,2.90160123245916,3.83772959500925,4.0133601009114,3.16847584699842,1.21122261312007
2020-09-15,259,England,E92000001,56287000,2275,168290.785714286,2649,193840,1.35182683374143,2.98986952074699,4.0417858475314,4.70623767477393,3.44377920301313,1.17364836978952
2020-09-16,260,England,E92000001,56287000,2429.07142857143,172141.785714286,3396,201177,1.41108762087731,3.058286739643,4.31551055940347,6.03336472009523,3.57412901735747,1.20742998880162
2020-09-17,261,England,E92000001,56287000,2520.57142857143,175622.071428571,2788,198617,1.43522474599475,3.12011781456769,4.4780702978866,4.95318634853519,3.52864782276547,1.26906127298843
2020-09-18,262,England,E92000001,56287000,2670.71428571429,179139.428571429,3771,209554,1.49085787925766,3.18260750388951,4.74481547375821,6.6995931565015,3.72295556700481,1.2744754505828
2020-09-19,263,England,E92000001,56287000,2825.07142857143,184445.642857143,3638,210444,1.53165528055304,3.27687819313772,5.01904778824849,6.46330413772274,3.73876738856219,1.34243382019513
2020-09-20,264,England,E92000001,56287000,2875.28571428571,187750.714285714,3279,191125,1.5314379629524,3.33559639500621,5.10825894839966,5.82550144793647,3.39554426421732,1.50440063533589
2020-09-21,265,England,E92000001,56287000,2962.85714285714,188642.642857143,3754,162093,1.57061897457665,3.35144247974031,5.26383915088234,6.66939080071775,2.8797590917974,1.82787482670883
2020-09-22,266,England,E92000001,56287000,3112.35714285714,190805.571428571,4187,188723,1.63116680480279,3.38986926694568,5.52944222086298,7.43866256862153,3.35287011210404,1.64916684392318
2020-09-23,267,England,E92000001,56287000,3312.14285714286,192755.214285714,5083,199600,1.71831556900629,3.42450680060608,5.88438335164933,9.03050437934159,3.54611189084513,1.65939020898941
2020-09-24,268,England,E92000001,56287000,3530.28571428571,194006.857142857,5632,210375,1.81967058601758,3.4467436023035,6.27193795065595,10.0058628102404,3.7375415282392,1.67809184279773
2020-09-25,269,England,E92000001,56287000,3714.57142857143,195383.285714286,5723,220780,1.90117154340589,3.47119735843598,6.59934163940418,10.1675342441416,3.9223977117274,1.68247641478912
2020-09-26,270,England,E92000001,56287000,3831.07142857143,196445.071428571,4639,200267,1.95019981957879,3.49006114073536,6.80631660698106,8.24168991063656,3.55796187396735,1.91298188347128
2020-09-27,271,England,E92000001,56287000,3971.28571428571,197304.571428571,4800,197325,2.01276923567045,3.5053310964978,7.05542259186973,8.52772398600032,3.50569403236982,2.01256085862699
2020-09-28,272,England,E92000001,56287000,4046.78571428571,196720.428571429,3316,170166,2.05712530400285,3.4949531609684,7.18955658373286,5.89123598699522,3.02318474958694,2.37814000110816
2020-09-29,273,England,E92000001,56287000,4261.21428571429,195698.714285714,5651,179536,2.17743601498221,3.47680129134106,7.57051234870269,10.0396183843516,3.18965302823032,2.37345952105109
2020-09-30,274,England,E92000001,56287000,4422.64285714286,195926.5,5656,204366,2.25729692366416,3.48084815321477,7.85730782799378,10.0485014301704,3.63078508358946,2.16407957152504
2020-10-01,275,England,E92000001,56287000,4622.71428571429,196247.285714286,5589,203108,2.35555578202719,3.48654726161078,8.21275656139834,9.92946861619912,3.60843534030949,2.27598828490965
2020-10-02,276,England,E92000001,56287000,4696,196140.285714286,4797,208056,2.39420473101614,3.48464628980556,8.34295663297031,8.52239415850907,3.69634196173184,2.25708463106087
2020-10-03,277,England,E92000001,56287000,5208,197126.357142857,10806,224249,2.64196025102101,3.50216492516668,9.25258052481035,19.1980386234832,3.98402828361789,2.3224183831366
2020-10-04,278,England,E92000001,56287000,6495.85714285714,197056.785714286,21309,190151,3.29643920624766,3.50092891279133,11.5405993264113,37.8577646703502,3.37824009096239,3.4161572344385
2020-10-05,279,England,E92000001,56287000,6990.92857142857,199845.714285714,10685,201138,3.49816286849856,3.55047727336178,12.4201477631222,18.9830689146695,3.57343613978361,3.47568762313863
2020-10-06,280,England,E92000001,56287000,7595.28571428572,200826.928571429,12648,202460,3.7820056146426,3.5679096162778,13.4938542013,22.4705527031108,3.59692291292839,3.7514994143464
2020-10-07,281,England,E92000001,56287000,8055.64285714286,200838.928571429,11528,199768,4.0109967297888,3.56812280937745,14.3117289198978,20.4807504397108,3.54909659424023,4.0324991275594
2020-10-08,282,England,E92000001,56287000,8721.35714285714,202159.071428571,14952,228857,4.31410625366799,3.59157658835204,15.4944430203371,26.563860216391,4.06589443388349,3.81083259103158
2020-10-09,283,England,E92000001,56287000,9082,203356.857142857,10772,237549,4.46604069693108,3.61285655911413,16.1351644251781,19.1376339119157,4.22031730239665,3.82321121116064
2020-10-10,284,England,E92000001,56287000,9652.64285714286,204656.357142857,12628,218460,4.71651259306105,3.63594359519706,17.1489737544066,22.4350205198358,3.8811803791284,4.41849439583579
2020-10-11,285,England,E92000001,56287000,10051.4285714286,205315.214285714,10383,206549,4.89560825114554,3.64764891157309,17.8574601087792,18.4465329472169,3.66956846163413,4.86636515859606
2020-10-12,286,England,E92000001,56287000,10646.5,204694.714285714,11647,161479,5.20116019465923,3.63662505171202,18.9146694618651,20.692166930197,2.86885071153197,6.59311737129906
2020-10-13,287,England,E92000001,56287000,11265,206683.928571429,14310,207385,5.4503512091444,3.67196561499864,20.0135022296445,25.4232771332635,3.68442091424308,5.43192612773344
2020-10-14,288,England,E92000001,56287000,12013.2857142857,209131.642857143,16132,238634,5.74436539117705,3.71545193130106,21.3429134867478,28.6602590296161,4.23959351182333,5.03418863795005
2020-10-15,289,England,E92000001,56287000,12766.8571428571,211541,16139,236839,6.03516913641192,3.75825679108853,22.681715392288,28.6726952937623,4.20770337733402,5.39052146937673
2020-10-16,290,England,E92000001,56287000,13293.9285714286,215088.428571429,12176,257720,6.18068050416473,3.82128073216602,23.6181153222388,21.6319931778208,4.57867713681667,5.15828363007472
2020-10-17,291,England,E92000001,56287000,13472,216122.285714286,13299,238723,6.2335080139815,3.8396483329061,23.9344786540409,23.6271252687121,4.24117469397907,5.64336071513847
2020-10-18,292,England,E92000001,56287000,13000.2142857143,220177.785714286,14704,246928,5.90441685274465,3.91169871754199,23.0962998307145,26.123261143781,4.38694547586476,5.26477932260185
2020-10-19,293,England,E92000001,56287000,13405.9285714286,220128.214285714,16365,200444,6.09005465970319,3.91081802699938,23.8170955485788,29.0742089647698,3.56110647218718,6.68811666671418
2020-10-20,294,England,E92000001,56287000,13774.9285714286,221390.714285714,17814,220135,6.22199924503221,3.93324771769173,24.4726643300026,31.6485156430437,3.91093858262121,6.25749134459698
2020-10-21,295,England,E92000001,56287000,14590.6428571429,224483.142857143,22948,243062,6.4996608081294,3.98818808707415,25.9218698050045,40.7696270897365,4.31826176559419,6.00284818570688
2020-10-22,296,England,E92000001,56287000,14762.2142857143,227702.428571429,17354,273927,6.48311674949198,4.04538221208145,26.2266851772421,30.8312754277187,4.86661218398565,5.38910523085139
2020-10-23,297,England,E92000001,56287000,15215.3571428571,230153.5,17116,271864,6.61096057320751,4.08892817169151,27.03174292973,30.4084424467461,4.82996073693748,5.59667964234218
2020-10-24,298,England,E92000001,56287000,15694.2142857143,232078.785714286,19332,245414,6.76245105187493,4.12313297411988,27.8824849178572,34.3454083536163,4.36004761312559,6.39499551195706
2020-10-25,299,England,E92000001,56287000,16130.2142857143,235465.714285714,16487,253966,6.85034521252715,4.18330545748955,28.6570865132522,29.2909552827474,4.51198322880949,6.35132824303816
2020-10-26,300,England,E92000001,56287000,16575.6428571429,237302.857142857,17883,187199,6.98501613369293,4.21594430584073,29.4484389950483,31.7711016753424,3.32579458844849,8.85455737324604
2020-10-27,301,England,E92000001,56287000,16955.5714285714,238249.5,19629,220638,7.11672907123475,4.23276244958872,30.1234235766188,34.8730612752501,3.91987492671487,7.68479202520483
2020-10-28,302,England,E92000001,56287000,17320.7857142857,238962,21245,248609,7.24834313166349,4.24542078988043,30.7722666233512,37.7440616838702,4.4168102759074,6.96707911390405
2020-10-29,303,England,E92000001,56287000,17578,241510.357142857,19740,272516,7.27836280313326,4.29069513640551,31.2292358803987,35.0702648924263,4.84154422868513,6.45026347076869
2020-10-30,304,England,E92000001,56287000,18195.5,240073.785714286,20821,237608,7.57912820254963,4.2651728767617,32.3262920390143,36.9907793984401,4.22136550180326,7.65778088279856
2020-10-31,305,England,E92000001,56287000,18593,240483.285714286,18864,244456,7.73151445630614,4.27244809128726,33.032494181605,33.5139552649813,4.34302769733686,7.60586772261675
2020-11-01,306,England,E92000001,56287000,19014.2857142857,238135.214285714,20602,214055,7.98465937569082,4.23073203911586,33.780954242162,36.6017019915789,3.80292074546521,8.88289725270875
2020-11-02,307,England,E92000001,56287000,18978.2142857143,235370.571428571,15860,161739,8.06312113299757,4.1816151407709,33.7168694116124,28.1770213370761,2.87346989535772,11.7338516286822
2020-11-03,308,England,E92000001,56287000,18943.6428571429,235073.714285714,17330,215979,8.05859681704706,4.17634114956765,33.6554494948085,30.7886368077887,3.83710270577576,8.77105776818249
2020-11-04,309,England,E92000001,56287000,18866.1428571429,235494.571428571,21863,248954,8.0112856711286,4.18381813613395,33.5177622846179,38.8420061470677,4.42293957752234,7.57816418179377
2020-11-05,310,England,E92000001,56287000,19136.3571428571,236002.714285714,21137,281041,8.10853265004821,4.19284584869889,33.997827460794,37.5521878941852,4.99300015989483,6.80909801162718
2020-11-06,311,England,E92000001,56287000,19361.5,237565.357142857,20268,293741,8.14996775323482,4.22060790489557,34.3978183239469,36.0083145308864,5.21862952369108,6.59135088394198
2020-11-07,312,England,E92000001,56287000,19543.1428571429,239621.142857143,21875,274195,8.15585078349871,4.25713118228264,34.7205266884767,38.8633254570327,4.8713734965445,7.12746142604455
2020-11-08,313,England,E92000001,56287000,19672.1428571429,238284,18293,235246,8.25575483756478,4.23337537975021,34.9497092706004,32.49951143248,4.17940199335548,8.36237081911822
2020-11-09,314,England,E92000001,56287000,19754.5,239635.928571429,19036,206126,8.24354683279964,4.25739386663756,35.0960257253007,33.8195320411463,3.66205340487146,9.58370123128572
2020-11-10,315,England,E92000001,56287000,19682.5714285714,241418.5,18622,245594,8.1528844842344,4.28906319398795,34.9682367661652,33.0840158473537,4.36324550962034,8.01427210297134
2020-11-11,316,England,E92000001,56287000,19591.5,246078.857142857,19970,313854,7.96147228066265,4.37185952605144,34.8064384316094,35.4788850000888,5.57595892479613,6.2422336500411
2020-11-12,317,England,E92000001,56287000,20384.5714285714,249365.714285714,30843,318532,8.17456861981255,4.43025413125081,36.2154163991178,54.7959564375433,5.65906870147636,6.39953644486941
2020-11-13,318,England,E92000001,56287000,20650.2142857143,255380.571428571,24540,321816,8.08605532135793,4.53711463443729,36.6873599334025,43.5979888784266,5.71741254641391,6.41677675619431
2020-11-14,319,England,E92000001,56287000,21038.3571428571,258633.285714286,24298,289994,8.1344352428397,4.59490265450789,37.3769380902467,43.1680494607991,5.15205997832537,7.25475600973025
2020-11-15,320,England,E92000001,56287000,21138.0714285714,260303.928571429,21998,237444,8.12053492414773,4.62458344860143,37.5540914040035,39.081848384174,4.21845186277471,8.90233967949134
2020-11-16,321,England,E92000001,56287000,21392.5714285714,262008.642857143,19423,185605,8.1648342571033,4.65486955881718,38.0062384361779,34.5070797875175,3.29747543837831,11.5258594480598
2020-11-17,322,England,E92000001,56287000,21408.2142857143,263376.785714286,17549,235133,8.12836037453133,4.67917611019038,38.0340296795251,31.1777142146499,4.17739442500044,9.10472553223677
2020-11-18,323,England,E92000001,56287000,21074.3571428571,266234.928571429,17189,288968,7.91569958755546,4.72995413810344,37.4408960201417,30.5381349156999,5.13383196830529,7.29297262771557
2020-11-19,324,England,E92000001,56287000,21013.9285714286,268450.357142857,20291,312057,7.82786389076991,4.76931364511978,37.3335380663894,36.0491765416526,5.54403325812355,6.73400326588687
2020-11-20,325,England,E92000001,56287000,20840.8571428571,270062.571428571,17845,316312,7.71704758368167,4.79795639185907,37.026057780406,31.7035905271199,5.61962797804111,6.58870265524455
2020-11-21,326,England,E92000001,56287000,20536.5714285714,271273.428571429,17615,291147,7.57043236291902,4.81946859081899,36.4854609920078,31.2949704194574,5.17254428198341,7.05367784266073
2020-11-22,327,England,E92000001,56287000,20420.5,269043.5,16668,204027,7.59003655542691,4.77985147547391,36.2792474283582,29.6125215413861,3.62476237852435,10.0087243355046
2020-11-23,328,England,E92000001,56287000,20012.8571428571,266038.785714286,13329,164060,7.52253363701265,4.7264694461294,35.555025392821,23.6804235436246,2.91470499404836,12.1984988070567
2020-11-24,329,England,E92000001,56287000,19386.5714285714,266688.857142857,9854,254695,7.26935937116661,4.73801867470032,34.4423604536952,17.5067066995932,4.52493470961323,7.61168119852036
2020-11-25,330,England,E92000001,56287000,19095.3571428571,263710.285714286,15893,272154,7.2410361587283,4.68510110175148,33.9249864850803,28.2356494394798,4.83511290351236,7.01637938184158
2020-11-26,331,England,E92000001,56287000,17937.7857142857,262723.642857143,14637,304719,6.82762522596395,4.667572314338,31.868434477385,26.0042283298097,5.41366567768757,5.8866646695105
2020-11-27,332,England,E92000001,56287000,17153.2857142857,258418.214285714,13557,261540,6.63780057520271,4.59108167579928,30.4746845884231,24.0854904329597,4.64654360687193,6.55857066387004
2020-11-28,333,England,E92000001,56287000,16369.3571428571,255515.571428571,13323,249357,6.40640296453837,4.53951305680835,29.0819499046976,23.6697638886421,4.43009931245225,6.56462707798744
2020-11-29,334,England,E92000001,56287000,15516.2142857143,250717.571428571,10054,170272,6.18872231304091,4.45427134913162,27.5662484867097,17.8620285323432,3.02506795530051,9.11260470641931
2020-11-30,335,England,E92000001,56287000,14905.2142857143,249704.357142857,10869,171420,5.96914465420679,4.43627049128319,26.4807402876584,19.3099650007995,3.04546342850036,8.69514309048786
2020-12-01,336,England,E92000001,56287000,14481.5714285714,250723.857142857,11618,249406,5.7759048514957,4.45438302170763,25.7280925055012,20.6406452644483,4.43096985094249,5.80642463636457
2020-12-02,337,England,E92000001,56287000,14205.4285714286,250055,13323,279604,5.68092162581375,4.44250004441523,25.237494574997,23.6697638886421,4.96747028621174,5.08055270004312
2020-12-03,338,England,E92000001,56287000,13612.6428571429,250272.285714286,11992,315099,5.43913314983795,4.44636036232675,24.1843460428569,21.3050970916908,5.59807770888482,4.32011617210555
2020-12-04,339,England,E92000001,56287000,13296,250086.785714286,13412,313715,5.31655439611678,4.44306475232799,23.6217954412209,23.8278821042159,5.57348943805852,4.23824171620739
2020-12-05,340,England,E92000001,56287000,12942.5,250356.142857143,12666,294918,5.16963548499195,4.44785017601121,22.9937641018352,22.5025316680583,5.23954021354842,4.38850799205203
2020-12-06,341,England,E92000001,56287000,12772.9285714286,251800,14294,224241,5.07264836037672,4.47350187432267,22.6925019479251,25.3948513866435,3.98388615488479,5.69607189203962
2020-12-07,342,England,E92000001,56287000,12651.0714285714,252595.142857143,11623,175192,5.00843812176006,4.48762845518757,22.4760094312566,20.649528310267,3.11247712615702,7.22126091863295
2020-12-08,343,England,E92000001,56287000,12694.2857142857,251381.071428571,10459,237698,5.04981765020949,4.4660591509331,22.5527843272616,18.5815552436619,4.22296445005063,5.34051010706262
